,Stock 1,Stock 2,Stock 3,Stock 4,Stock 5,Stock 1 Rolling Mean,Stock 1 Rolling Std,Stock 2 Rolling Mean,Stock 2 Rolling Std,Stock 3 Rolling Mean,Stock 3 Rolling Std,Stock 4 Rolling Mean,Stock 4 Rolling Std,Stock 5 Rolling Mean,Stock 5 Rolling Std,Stock 1 RSI
2025-01-01,62.04831768741952,77.10373842396906,85.30422373471129,76.88441314314686,101.74261198234476,,,,,,,,,,,
2025-01-02,60.89759703791776,78.64594953888376,85.13129977523624,76.80257913938087,102.67986187559204,,,,,,,,,,,
2025-01-03,61.13393278200482,81.01204990530954,86.51219368940652,77.06628082018977,103.6940580460667,,,,,,,,,,,
2025-01-06,61.6030431928024,83.51383012395732,86.24373205405813,77.62588636923316,102.02645904075176,,,,,,,,,,,
2025-01-07,58.519207398082976,84.68906780099059,87.82101986435755,76.55128790477659,106.75998604332908,,,,,,,,,,,
2025-01-08,56.8755600745911,84.85126179227588,87.58006735199379,78.97456365133759,110.00412046471637,,,,,,,,,,,
2025-01-09,57.10869006703825,85.57786439308396,86.11260070791408,75.92488747978703,109.34868918546884,,,,,,,,,,,
2025-01-10,57.34437645348248,87.76915523826489,88.26951442497428,75.41265746667477,108.79690968440282,,,,,,,,,,,
2025-01-13,56.19914851073152,85.3642488981155,85.34555111531368,78.43033325764209,107.79673494631734,,,,,,,,,,,
2025-01-14,55.76295960454261,83.3107344483395,86.75800352453531,75.97719267034451,107.44587752929108,,,,,,,,,,,
2025-01-15,54.820045250565926,84.03870780791888,85.95843284954883,74.25914748449728,107.49276212172882,,,,,,,,,,,
2025-01-16,55.34448874631122,84.23454694404788,86.5643914886132,73.39132227383519,106.82041388650626,,,,,,,,,,,
2025-01-17,54.65549364137202,83.71304553769858,85.24316561817368,70.93083034004025,107.3062889793894,,,,,,,,,,,
2025-01-20,54.270958426930285,81.06738121413528,86.11738927285057,69.71465264334302,107.52507662141775,,,,,,,,,,,15.446493911883266
2025-01-21,55.1165982571453,81.35757473127902,88.16595090789478,68.06265823316664,108.49783801395122,,,,,,,,,,,25.26904380703199
2025-01-22,54.41682680210652,80.02201342320329,87.23342023626925,67.70661902108255,108.72821221603002,,,,,,,,,,,22.898464646028685
2025-01-23,53.20316848722042,81.54375442124699,88.13308020237059,65.69404832029733,112.07324043540564,,,,,,,,,,,19.484360891279408
2025-01-24,55.2737178810167,83.54774041301675,87.904066682872,64.35290087948566,114.54883011423868,,,,,,,,,,,36.79758240394483
2025-01-27,54.88328982243521,85.67393862161943,88.3581351007797,65.67424488256259,115.47980602212,,,,,,,,,,,35.25802552612035
2025-01-28,55.71375431167034,85.77760412285627,91.60241696334104,65.90661624454067,116.52371890241312,,,,,,,,,,,40.9201637065872
2025-01-29,57.86781597133486,83.55123086298576,89.36642944876519,67.25031599745104,113.90630858340823,,,,,,,,,,,52.519465975195025
2025-01-30,60.17514604908903,82.94361459483333,88.11984852475874,69.90393549196018,117.39301438590024,,,,,,,,,,,61.28713547457784
2025-01-31,62.4829338591172,84.5295705882622,86.69014683503046,72.64426057278993,116.88117292865483,,,,,,,,,,,67.70973713280223
2025-02-03,63.54821339104375,86.21551620034649,86.50808002724636,73.60909166919863,119.15382605069,,,,,,,,,,,70.1698943505799
2025-02-04,64.0901850040291,84.40602358312113,87.11058834410156,75.63538198202717,117.61777151796409,,,,,,,,,,,71.36521084280736
2025-02-05,63.96247308158126,83.75583798772632,90.41950796027052,76.7280027790322,118.69388435262798,,,,,,,,,,,70.64682075977814
2025-02-06,63.04152083092713,84.74289918373105,89.29047092066718,76.85357668508587,117.30315741911711,,,,,,,,,,,65.52448824028511
2025-02-07,63.95743002484011,85.80488163176808,89.00777951203288,77.53912090695799,114.8560692519884,,,,,,,,,,,68.00879771257513
2025-02-10,62.11384739217534,86.64472557173954,89.39349204607727,78.60145561516286,120.44529814722613,,,,,,,,,,,58.82080191706914
2025-02-11,63.34926633396677,85.14954567292342,91.47996527142806,76.61141231235834,119.4538295384318,,,,,,,,,,,62.47899392274622
2025-02-12,63.32615448768538,88.1525023052054,90.2088423315651,75.42173125195012,119.33807274656334,0.0009132462324147032,0.02199160392869463,0.0046539863888233534,0.01930538556250696,0.002012637038272151,0.017505805655431448,-0.0003811866552100122,0.023167187845387825,0.0054890503718931045,0.018193971645945047,62.36737158322873
2025-02-13,62.54917007294524,90.22697032192303,88.35066375055975,73.76627153675831,118.4124388123176,0.001122445961424238,0.02182936744326059,0.00477168472521063,0.019412647819576096,0.001393587504894996,0.017975650791964955,-0.0010773531889550511,0.023499831009771967,0.004923438007437908,0.01833743283969562,58.57843604846487
2025-02-14,61.9886889138142,93.79911391934384,90.11665358371997,73.96920438120307,115.62871508329155,0.0006943952801887902,0.0218992050539823,0.0050885237564466355,0.01991121356723544,0.0015191762260808464,0.018095575964730434,-0.0011001023723601455,0.023495643631545722,0.003810572173054183,0.019026546249801175,55.93843859184134
2025-02-17,63.09749668021798,92.01652676698978,87.42257820141467,75.8007259560136,116.47729713781509,0.0010348543795403176,0.022090011607739643,0.0034256608094151765,0.019765404831068777,0.0006261010040729764,0.01897151190192445,-0.0005167943118925434,0.023923705694483228,0.004591264407205224,0.01865912711447288,59.79844894663681
2025-02-18,64.3226719084274,92.695107525925,89.00812760310465,74.8895624302077,114.18445821904916,0.003350753472616915,0.020100981747912694,0.00320240018108362,0.019678634965856957,0.000621030612768425,0.018966648253892673,-0.00045603469382167564,0.02389098526527881,0.0023885994300238485,0.01741278340025063,63.593630769570424
2025-02-19,65.26383419181606,91.29835972929168,87.86962503857411,74.2821593954149,114.3385596433362,0.004774726934537177,0.019294018665958992,0.0026362880601000895,0.019959229725961324,0.0002861199942855164,0.019116227867470616,-0.0017815758390722061,0.023139249693210073,0.0014206796894403481,0.016590399162106657,66.23093259729959
2025-02-20,64.86703802742868,88.87904213308632,86.82640450911565,71.05325780773424,115.88265947406278,0.004435432709903579,0.019395544895280115,0.0014675455180866326,0.020615957618827573,0.0004488982241503292,0.018986460383847742,-0.0019433136284058813,0.023420835299081785,0.0020694420896759064,0.01667224157860221,64.12193201436847
2025-02-21,62.85349036808858,87.00479050809659,87.00381703908803,70.07334386058892,119.5747148319974,0.0032631616267631003,0.020449006472048007,-8.890382868415777e-05,0.020492992179941372,-0.00031791162219863,0.018414659528447213,-0.00217813774772813,0.02350581649888816,0.003299653653663955,0.017471560494767047,54.61748863415888
2025-02-24,61.29113247200428,87.5564893974593,87.02246575353021,68.50637285787877,120.94570269605586,0.003100292330325523,0.02065882173826618,0.0010358087090012772,0.0198584630570215,0.0007934132927330473,0.017341192080843403,-0.004257383676376788,0.02237652732026247,0.003988272881852887,0.017369012803916478,48.5982197305423
2025-02-25,61.1421382262357,88.99555131114472,88.54275546000773,71.53878820115646,124.29959463910195,0.003277977643918147,0.02058497070144305,0.002385532649843669,0.019466426727993005,0.0008240891581542657,0.017370814285531416,-0.001739294478484362,0.023455475166208238,0.00502111836828644,0.01783838020069789,48.05432091195712
2025-02-26,60.75182902514008,88.65847322484032,90.5786360292254,72.54786245431889,126.01525601793388,0.0036288341260856303,0.020316984477924533,0.0019680115328868817,0.019459803387155396,0.0018977323137915854,0.017720719272147745,-0.0005153638685876853,0.02328610183506734,0.005466660871243937,0.017886776177052192,46.583519528831644
2025-02-27,58.84792011126244,88.70399735709141,89.33221800318941,73.0265689429526,125.89390234436948,0.0022653088495248014,0.021255701242914184,0.0019074493016988084,0.01946146399027374,0.0012040637758279386,0.017918302569538788,9.41339265617791e-05,0.023222835785660007,0.005643054722140062,0.01779304407094048,40.131072949107306
2025-02-28,59.978010744781486,89.35547182888749,90.82643863985506,72.4183757854136,123.64179575247228,0.0033204017534371705,0.021285685271220437,0.0023586302195200267,0.01942410167592179,0.002270379938596893,0.01785630060010291,0.0009340429302922633,0.02240627090980054,0.0048951397900253895,0.018304846611660458,45.00075533912424
2025-03-03,59.54610945743033,89.41440995849014,91.60600511538668,75.76310385332859,123.66094254593062,0.0033148892487743146,0.021288480955569747,0.0034340821749230996,0.018341874899810068,0.002214626258616433,0.017833104201844873,0.003045114473674989,0.023595995178331778,0.004832338091720871,0.018318211000910477,43.54303645704886
2025-03-04,58.46719945419524,88.8851092418376,90.848247616004,76.56843757520097,119.973875266913,0.0021915322069941067,0.021506899643451982,0.0031174390506185684,0.01842109905978643,0.0011459618191568377,0.017452263804065418,0.004189319336426397,0.023081185477108457,0.003536912321306092,0.01935471622560628,40.052671283023834
2025-03-05,58.59964168630505,89.25221636556174,91.36096066898928,75.7302948499914,119.5229613036472,0.002690246930421199,0.02132244612436721,0.0038023081753834212,0.018047992519756514,0.0016866489531333036,0.017327370043809104,0.003998810311867736,0.023184974330530708,0.0033408542733289154,0.01939926839046608,40.68126493683963
2025-03-06,56.989252147874346,88.46087072258177,90.46039471047682,76.43617699835599,116.87867730377872,0.002517639551621757,0.02155147472975448,0.002872877261839172,0.01795519260312923,0.0010142996759685218,0.01737236819590417,0.005300339466893496,0.022305842369164143,0.00157789785625058,0.019223486964991134,35.76985217414209
2025-03-07,57.93663931193805,91.19339967504727,86.80582185703729,77.16424493121133,118.5778782968952,0.00177451216874136,0.020617172731348728,0.0030833472440603047,0.018252901910562645,-0.00024574045016559907,0.018943302159547603,0.0062983470350859196,0.021779185561993503,0.0013262020616499912,0.01899373058406701,40.333613875110686
2025-03-10,57.25595677058011,90.560021727848,86.66193152396886,76.78183300901382,117.96361413047546,0.0016183387830219997,0.02070399098912199,0.0020035359875861655,0.017837642425899976,-0.0004731774872748044,0.01891703505044889,0.005448727091162301,0.021701768786845963,0.000882615817502308,0.018984810541921512,38.23172509755532
2025-03-11,55.39398869769955,92.73768518046474,88.61983010539481,75.60958286750848,114.62188347347718,2.995413334071495e-05,0.02144611523876415,0.0027647570169610316,0.0182842949007422,-0.0009440120885208069,0.018118386030794357,0.004821876189890417,0.022028000390590805,-0.00036299330999584045,0.01964554060208992,33.14363255002375
2025-03-12,56.02665992393709,91.76247799614076,88.96004723982843,75.20230668201434,116.32181483980187,-0.0008781030803949504,0.020300035895450624,0.0032794044111806196,0.017654479910106213,-2.386647316465762e-06,0.017582947270142105,0.003962726106355008,0.021902225715901745,0.0008801147941270589,0.01937699932123557,36.248288587487664
2025-03-13,56.86117606394226,90.52258820463044,86.58772483063186,72.89669661239378,117.8581453970125,-0.0017106844417238162,0.019044450108575722,0.0030714188127113906,0.017819062614099757,-0.0004263260766193285,0.018077186088076718,0.001625472490478034,0.021724218429946037,0.0003000245192422442,0.01870511893549627,40.19341617132902
2025-03-14,55.56603852856409,89.69554423012403,85.64164303798259,72.89295366404828,113.41187660467438,-0.0037482965871975566,0.01784253920554499,0.0021295114709953414,0.017687789018596845,-0.00024971831221652917,0.017942903367373704,0.00031705099089897787,0.020532411970295036,-0.0008121597706878407,0.019942750396893198,36.425977017114526
2025-03-17,55.83139814274895,90.72505358435586,85.87873693732762,72.51261839154412,113.74621519404208,-0.004157415119865926,0.017486380989475053,0.0018472708417023125,0.017459792810817852,-8.743019212619589e-05,0.01794760625091401,-0.00029959270379739114,0.02040703507691697,-0.001362030774219658,0.01958926181654549,37.71417951553151
2025-03-18,56.33281584890855,85.78490611005212,89.3240412461198,73.15086477483885,112.37578126910344,-0.004142334576876261,0.01749789009930259,0.000731809531140674,0.01987139707990741,0.0010176858972368974,0.019361804794897988,-0.0009237877531301157,0.01980400002783778,-0.0013339245893234355,0.019572747342378884,40.180757625116115
2025-03-19,55.94867857495841,86.71780285641238,89.20594782658306,70.25308914155269,117.12813701476736,-0.00430321380011622,0.017499631569500306,0.0013510730838545593,0.01988894111489773,-0.00029255921443891814,0.01806012437567073,-0.0027257739029927417,0.020792091340645445,-0.00022923723924462476,0.021063294075421346,38.909502182773025
2025-03-20,55.88093517951408,88.57386338115003,88.06045452211265,72.48204691363357,117.91604320829993,-0.003863630188640991,0.017402666043276675,0.0016716887641372135,0.020138894471491843,-0.0003043706725235906,0.01806848834149605,-0.0017227429056784352,0.021715114061121293,0.00038555593893615516,0.02098545459451844,38.67710340515932
2025-03-21,56.61727137166898,86.81079466749543,90.28159507067024,73.55451761182094,121.1041303766272,-0.003908689828955025,0.017355086887349908,0.0005904593089626172,0.020404714941848683,0.0006419253576502045,0.01864757230752798,-0.0015268686044296838,0.02184056508599224,0.001982161097799821,0.02113477680026158,42.68434300167616
2025-03-24,55.96267656685272,86.062438533959,94.53190215327808,72.06869307940914,120.8959531014916,-0.0033332431402456676,0.016777013509662184,-2.3153237520926833e-05,0.020395380311449995,0.002066754159191153,0.020482149557765235,-0.0026569001108387854,0.021902456214112184,0.00030276478077164717,0.019211779205426462,40.17119268243246
2025-03-25,57.29110891575923,86.31670995303682,95.72858845971798,71.56500638267227,121.91161423983596,-0.003204968556504151,0.016974246761961784,0.0006505448912517438,0.020138690344762247,0.0017107124202961085,0.020190356588022373,-0.002045927856673032,0.02150047810300474,0.0008571917758797916,0.0191969879415898,46.99209843279557
2025-03-26,55.85135258139235,89.26551436172656,95.59808350324072,70.66303223884715,123.65832259872836,-0.004030492054111271,0.017427530784036582,0.0006137368632309699,0.02007414517669467,0.002128439604909349,0.0199849406753368,-0.0019484209668982528,0.021443781835446683,0.0013670821801847015,0.019349351575782485,41.473412117769236
2025-03-27,55.39256746824049,86.97271450126313,93.11880933525374,71.71417756418579,123.38732924747748,-0.0038953197214622428,0.017377076274822403,-0.0010268593991085372,0.020147536775342232,0.001950582273286594,0.020216576699264976,-0.0007209264301640927,0.021312971853028825,0.0015525799179168076,0.01928544014389263,39.8667423474243
2025-03-28,55.29983858241788,88.93437330261796,91.11335459179575,70.737892659527,122.56093074200184,-0.0036524324607796607,0.017354744309317216,-0.0015947182310023455,0.019180105444415698,0.0005664178628315882,0.020360028655898966,-0.0012664124263307727,0.021430142391960758,0.002112950391016074,0.018769467619838578,39.53338406147046
2025-03-31,55.45949097418487,88.94829784408479,90.6816828566262,70.72144411585784,122.42046298202835,-0.004152440052169315,0.01692349253219923,-0.0009560223002696878,0.018897319788743146,0.0014050071324233785,0.01956466354378137,-0.00209951655596274,0.020861712965494137,0.0018301184655387214,0.018751925055789473,40.456549577577285
2025-04-01,54.716772603321616,87.59095929210766,91.2702366452844,69.53202953489283,119.7092041117138,-0.005246082193724388,0.01639984867237061,-0.0017105027279344265,0.019004787255201,0.0010167976296375522,0.019335422558212214,-0.0022594428824263325,0.020958555295270808,0.0017480435206011318,0.018854448947645347,37.58195440716123
2025-04-02,54.42973689411245,87.4023461475095,95.48094063475732,68.62157675654606,122.0872531289442,-0.005908673373329276,0.015964822809334554,-0.0012800076292610707,0.01883731133086931,0.0029809798130031595,0.02082033758112163,-0.0024255547306522613,0.02102616882595426,0.002365231231230758,0.019141814314244124,36.50249371438385
2025-04-03,55.297551919828734,85.41141692315598,97.05304000801262,67.06540320887032,115.71631969939776,-0.0051745518763571955,0.01645550243039201,-0.0011560034037848812,0.018677135929526734,0.003925560733160153,0.020765969112855807,-0.0017325397226315134,0.0199414174459864,0.0001756287718814679,0.02144238768820719,41.93291377204603
2025-04-04,56.02340917931394,82.49736628621027,98.02538425527344,66.21499927895904,119.67277822888312,-0.0037023004230464377,0.01603180131479225,-0.0015903415664577276,0.01929782630156531,0.004191406988190112,0.020792075588617318,-0.0016955049901954437,0.019919269427679506,0.0002533195724035579,0.021565019018350153,46.08614298546895
2025-04-07,57.27666337428973,81.83180095791057,96.7748987170024,64.67341159082844,118.73712227930308,-0.002128056217020128,0.01620072486099416,-0.002070632681924767,0.019272909733282263,0.0037590371263226583,0.02101134058971313,-0.0017261609270973976,0.01995285128919192,-0.000389479956145992,0.02150661113082982,52.41465635425081
2025-04-08,57.01278349120772,81.31676216816257,97.17497361017034,65.4863841811545,119.6861986818924,-0.0022005956596616305,0.01620699850128921,-0.0028282887456616704,0.018964606270625683,0.003314503593861743,0.020851722942083047,-0.002782637228131942,0.018195413568508432,-0.001047395617774797,0.020910351034754363,51.05572491694959
2025-04-09,56.19847683290293,79.05974798388004,99.9241155103724,64.64887988187924,118.24447405255933,-0.0024639037169709647,0.01634091649339542,-0.0036272302764787695,0.019503620576566665,0.003491085095338653,0.021045645935987557,-0.0036791125049802976,0.017996105458389484,-0.0019090123684631995,0.020809656524284452,47.00566549781639
2025-04-10,55.668874399877616,76.22455544882096,99.06881703406884,64.09334453967222,119.82979734084724,-0.0017333925622978123,0.015472326135565257,-0.004839725893650578,0.02034964757837494,0.003664456365448791,0.02091967420802631,-0.004185499447014425,0.01791046697007466,-0.0014300065764722314,0.020996731545961426,44.5314881542064
2025-04-11,56.50218974042456,76.30652869115474,101.0142281726754,64.59322774097586,119.9120434530839,-0.0018745404016213127,0.015293015843894614,-0.005048690777720592,0.02025217180472482,0.0037614699734523434,0.020988971267146495,-0.003647910059989612,0.018023511320934108,-0.000810830480261752,0.020767266152577794,49.073694690736644
2025-04-14,56.74054780816029,76.09187309428513,100.31753402275918,64.31194550226706,117.32671262064092,-0.0014938884939541357,0.015297984547484947,-0.005164446164200564,0.020228330213768055,0.0032454691403933163,0.021056523367468567,-0.005332605051712817,0.015371804697545493,-0.0015346666001346636,0.021108086117331344,50.3266876961464
2025-04-15,57.11553667572648,74.65659225198357,102.10645901614842,64.05539411552165,117.56018100302607,-0.0006696306900814094,0.01503524902383527,-0.005595874054354033,0.020382427066048397,0.004115620632873137,0.02110348728182898,-0.005819898421002427,0.015077234777594133,-0.00047447193607151145,0.0204263685486438,52.314458898154385
2025-04-16,57.73676726255215,75.69180215839569,99.00114958109587,63.8543835792245,119.74722102841436,-0.0003825808353609979,0.015174770193091503,-0.0052713354362889965,0.020618770769564358,0.002913751002983985,0.022020270835381165,-0.005559623492468165,0.015053063531598675,0.0002709284918063474,0.020708467670353534,55.49206361550557
2025-04-17,55.8336412201398,76.35377310302233,94.63408169738068,62.61240707868593,119.9594862740359,-0.0005652774423274721,0.015540852183869388,-0.004684268530450827,0.02076310419615685,0.0017719491673936752,0.023540883137639742,-0.006518661419066181,0.014988694239867198,0.0010674704809144084,0.020272354162894492,45.49115374957929
2025-04-18,54.03946612881931,74.9251776110108,91.94300069225058,64.73889339168426,120.47345930391393,-0.002190552911682109,0.016216118270965703,-0.006337598718567831,0.0197844452461565,0.0021707158457603035,0.022894334640294684,-0.005704077284779881,0.01648049747531022,0.0007256836278858018,0.020123298854463963,38.45488924689673
2025-04-21,54.70662687005268,74.66642335950885,91.3850321825299,62.710657281686174,119.8907596303305,-0.0013874013760788487,0.01632272316829306,-0.006221200909358741,0.019791016797998107,0.0020236817316468055,0.022933899348433453,-0.006583199490946083,0.017129841881318324,0.0007371340320853033,0.020119919866799223,42.04459999780148
2025-04-22,53.92816009100214,76.02225200169761,93.56200983087336,64.61277024314762,122.0549123828872,-0.0007777269797332768,0.01543734977326432,-0.006417472669685935,0.019507662026058907,0.002064670581393968,0.022972994139258678,-0.005063237507760491,0.018314768537740198,0.0022831182102611334,0.019584285636912353,39.17347388460697
2025-04-23,53.33640214410332,74.40161421620698,95.09018280346515,65.13780433248317,117.85979118240704,-0.0015242061886504344,0.015368410654010492,-0.006777545347117497,0.019684805840331537,0.002481143926943504,0.023119059243472295,-0.004612823351348909,0.01847202275737023,0.0006430667424296581,0.020534373004531606,37.09952028136817
2025-04-24,53.76894094330118,75.6880476225071,95.29733788721026,64.96186234055136,116.07386533160444,-0.0017503844225919293,0.015167046606498195,-0.005750800546483192,0.020119936373600357,0.0034426702899946204,0.02245528978550788,-0.003680900200465087,0.01780590976369811,-0.0003022851687193776,0.020588740347597202,39.616005834040045
2025-04-25,52.26713710757929,76.97519545616646,94.80347955131296,64.72349562032574,120.21241211108942,-0.0019221680504448353,0.015440136625875877,-0.004879391010724051,0.020530188896614746,0.0036341366857804906,0.02235280166515867,-0.0038014997773145134,0.01779272652120835,0.002143715493124384,0.020346891467989292,34.46087588072808
2025-04-28,53.03494250873685,77.62305719069555,95.16764209972608,66.75580673021989,124.4669440928993,-0.0015916863770679393,0.015692481561912698,-0.004981435025759455,0.020453547866227963,0.0036698964978755318,0.0223522270939163,-0.0025809124223383478,0.018912949450638733,0.0032251749205559842,0.02123398745056722,38.84255811795196
2025-04-29,54.07390245422346,78.60456130300446,91.27604103339512,66.98774566084741,124.26753073711768,-0.0012380471998416705,0.016054327535963708,-0.0027448901272097313,0.018425402095436662,0.000969552911570959,0.02268796571597106,-0.0027584933613079565,0.01882720300641331,0.0035733760060181917,0.021059828562765476,44.27189564695995
2025-04-30,54.22958471189877,80.16572034395749,86.36597936381554,66.29199478571795,125.06260522232844,-0.0009147761301262232,0.016035702884104636,-0.0024453539205608445,0.01872505418603766,-0.000779495907199157,0.024795397128535013,-0.0017842450851004146,0.01756843357539991,0.0023769836684058186,0.019764167707157596,45.058976371279364
2025-05-01,53.777477494869856,77.97414007993099,87.95332299472412,66.72537459927692,122.75869047708882,-0.0011523127226730767,0.01609291660476312,-0.00407007313712221,0.0186989718168102,0.0002611796492549686,0.02492653216622358,-0.002623915184033539,0.01647977350997546,0.0015386848288479655,0.02010373533769759,43.15289286449333
2025-05-02,54.16985647498167,79.33336300799174,88.05058643430813,67.86045970187479,123.07359149995298,-0.0013483304759794904,0.015947519993698624,-0.0028255137516577083,0.018850598491221945,-0.0005427221130005933,0.024478608626728116,-0.002550084091436067,0.016565249252529834,0.0007229607925790749,0.01952149690400789,45.315002806632506
2025-05-05,53.795836386153866,77.57308179687038,87.98731193225044,68.19201632342894,125.35250276189043,-0.0011930914246546798,0.015867135186550835,-0.0032777760169504584,0.019154732928488585,-0.0021359537561043028,0.02276793001220475,-0.0017138782509245165,0.016274162236565224,0.0013974824340895105,0.0197820708052691,43.61224935338493
2025-05-06,53.72578617170876,78.36031764339818,86.37782688126298,67.19282713636474,125.20110376642933,-0.0020277573120479546,0.015152983733818301,-0.0030379822579463664,0.019280062569973846,-0.003167664218428978,0.02277565278945246,-0.0019693316686342777,0.01641932001622691,0.001077185642839921,0.019742513421493618,43.284200606496015
2025-05-07,52.64629709094734,79.72417558262302,87.26428853633115,67.63508463252737,126.17492828115638,-0.0018598250535477516,0.014914153805504524,-0.0035965708194753755,0.018387188527519777,-0.0027801346354641857,0.02290594821031449,-0.001329815689708084,0.016364380503858564,0.0008588663382959309,0.019626807190901322,38.4806166312105
2025-05-08,54.826952583471794,79.05630354128827,83.50940867419322,67.97231343084734,126.17340524640534,-0.0002053161542988476,0.016816703149175098,-0.0030196412971847347,0.017936224138416355,-0.0033499504885995215,0.02370064030453073,-0.0016594643269038551,0.016124530467016698,0.00093151293641901,0.01961915928127024,50.444703428054936
2025-05-09,54.31429969596002,77.58770643529469,82.85938893763544,68.28680559523521,125.03073674495512,-0.00046119447619350125,0.016898025300235636,-0.004390690407408093,0.017480142052949937,-0.002891526297296454,0.02346860952460378,-0.0010514535388487568,0.016001659532624724,0.0008528883421115019,0.01965548027652348,48.07752645016355
2025-05-12,56.989228638723205,76.17482750189065,81.62790392597735,65.22944136575381,125.7846331155004,0.0010842069172909603,0.019180635601780054,-0.005002912360969806,0.017636325465212408,-0.0032290130775082843,0.023568658669471953,-0.002536115964128009,0.01787915762219577,0.001092081469653313,0.019673968555428613,58.91191844828967
2025-05-13,54.74794870055558,75.42914505654457,81.25948367169669,64.36876763244265,130.2848869839796,0.00021967209112564814,0.020401299942009413,-0.004820553457516752,0.01755470681572398,-0.003595804339031287,0.023497700915168975,-0.002415324552695586,0.017791365506125752,0.003022900094083558,0.020151203905200945,49.577227493107
2025-05-14,55.89151771173336,77.4946015374409,79.90664520381728,65.88606058187695,131.70760041573095,0.0010907965194197789,0.020715407951787692,-0.0038360175292064887,0.018511620585774432,-0.005688565882930045,0.021638086178409024,-0.0011931283257817153,0.018285037827723897,0.0027247269083332045,0.019958658357846364,53.61571379553524
2025-05-15,56.809710214313256,79.16761517585215,78.53422740363871,65.39281431282467,134.1115170317517,0.001106941595734586,0.020727568339761405,-0.002357095006548826,0.01871721855507307,-0.006809910031837811,0.021319761906275398,-0.0006867529796381056,0.01787530058483463,0.005072572407883332,0.0172335962200629,56.619975312262625
2025-05-16,53.8492209022975,81.6429142965473,79.48155761733679,65.39843291488118,134.83708087339764,-0.0010676841491549572,0.022746951226235445,-0.00017761589587487193,0.01869814404495977,-0.006741778296903367,0.021378580455375492,-0.00026121502158678404,0.017731314696356342,0.004113210314261528,0.01633435902793704,46.224320871064464
2025-05-19,52.79384587148029,81.15314928836798,81.31008543542845,67.16160340538042,142.24293756683736,-0.0024666472709049497,0.022545465089013856,-0.0001086542697000185,0.01867183730946713,-0.005549696997403997,0.022019088425692047,0.001413517895360113,0.017854321348237154,0.006204641437498974,0.018611940354821464,43.18063921418412
2025-05-20,52.7685843685976,80.16542949306786,80.5551473667763,65.86129851522341,142.1636947206327,-0.002329026718302222,0.022544549673656673,-0.0003045605513088967,0.018769547125929827,-0.005996988878212224,0.021951780941906394,0.00034914231334928953,0.018116136099054377,0.005919635295542961,0.01864903720396927,43.10747170134957
2025-05-21,53.22527792344022,80.19069398004761,82.40203014849725,65.61864467755196,141.3179610455075,-0.0015644424823564097,0.02251409808101312,0.0006311389108708469,0.018039350623478535,-0.006175778879836672,0.021683088222131604,0.000652631235486234,0.01796407573476317,0.006122863927167258,0.018478951096636373,44.92440427237321
2025-05-22,52.65973967678315,77.65244276053706,79.90068731295962,64.13676841684487,145.13758223725404,-0.001604495258729218,0.022529625513512178,0.0007714289268189511,0.0177599679844284,-0.006902308026681988,0.0221263360303133,0.00018629649106641037,0.018388927077754136,0.006576910442714768,0.018828151849702456,43.08924305415002
2025-05-23,53.65528287472692,79.86548157256513,77.85169546330387,61.67568066869194,143.3667402505977,-0.0014732931762075018,0.022640658168621174,0.0016855577116900962,0.01846781904484386,-0.00841168137915452,0.02179548198259748,-0.0013527632913251171,0.01962070324017445,0.00614732763702707,0.019112064771917174,47.179732741585525
2025-05-26,53.89761047107838,80.74190983336224,79.5612753415761,62.08801919330677,148.5069218392299,-0.001463365986208968,0.022643305056934633,0.0021451202240175713,0.018523468649673688,-0.007449800265820183,0.022490306315398403,-0.0009847544861909937,0.019665941755990166,0.008061114378444164,0.01911645157856639,48.15652562631098
2025-05-27,53.71154979594143,79.34817654531865,76.96563930987315,61.04621779762547,149.37455262322698,-0.0017987309103853822,0.022594078616235653,0.0021984831526094353,0.018463069988112642,-0.009131699918865565,0.022420969638680316,-0.0014110963381473293,0.019870894354365277,0.008189529698000846,0.019087178779317114,47.43125035887768
2025-05-28,52.81057049858714,80.91410084934583,79.2166190453874,58.21417764928581,152.10527569244834,-0.0027204355994751017,0.022623146866717396,0.002394101818257647,0.018621365264058793,-0.007143065842418302,0.023103721022572576,-0.0028528851575224112,0.021502713432908424,0.008178778623612097,0.01908120057461542,43.977262428072166
2025-05-29,50.49788570850818,81.64475365088504,81.23643776170556,58.34790272486161,148.36443147832335,-0.003081434425628097,0.023201373071025908,0.002403580871387804,0.018624782001027504,-0.0048227759800210735,0.02275576094244258,-0.0021279765242029607,0.021289403952628596,0.007299898806915813,0.019972829126667094,36.608077148800675
2025-05-30,49.95712283334043,81.29915884535707,81.02157585875231,58.16947852502177,148.186741988172,-0.0023672451602653,0.02259814653290764,0.002886157732703306,0.018242482486798186,-0.003963049164238645,0.022315810745803764,-0.0033619977061857707,0.02016874215454211,0.007117158450384712,0.020026377010025555,35.125920500300595
2025-06-02,50.22037693669122,79.41533757517901,80.71042087450803,59.9939772144344,147.19494168863716,-0.0026031186462269723,0.022475879057988965,0.0022288920305579235,0.018824695576319977,-0.0038887745516473188,0.022312268867564527,-0.0012721741335146178,0.02041749197269964,0.007055286410121612,0.020067407741407847,36.47432271341732
2025-06-03,49.82480499570067,81.20726096969648,76.66007386505815,61.47148320939503,145.48187589407777,-0.0023913479004560164,0.02239232764304581,0.00237574095017253,0.018969868578663816,-0.006355632240315098,0.023215669293747503,-0.0014623075430385435,0.020137681944759327,0.006065649278477351,0.020237791975428045,35.287451610743375
2025-06-04,50.03798398380984,81.44490810041111,78.18172745162116,61.20396577360186,143.65454851784096,-0.0018829595608723067,0.022363888487200435,0.0031838865114269216,0.018434545229755926,-0.006238428948598226,0.02334269092643959,-0.0018782325855102903,0.020061532763938534,0.006792657724552406,0.019094549099171194,36.48690451670919
2025-06-05,51.386853705514746,77.67535462310231,78.2917044081134,59.61520211073624,141.61013344129483,-0.0012547168956007493,0.022912282147366275,0.0010647574183409003,0.020315143322950455,-0.006264156553582475,0.023333517677332938,-0.002653480419923478,0.020538139585164237,0.0068233744574589346,0.019058736195247165,43.60910185884264
2025-06-06,53.50528361631197,77.68375066643488,78.67544289388863,57.55065271852959,139.68694134640452,0.0010504773584169385,0.02360429523519598,0.00050149516781031,0.020090932737938858,-0.005928033792300424,0.023422099859995837,-0.0036855445493647497,0.021352728732446948,0.0051821972269830464,0.018604901272477277,52.59921285710314
2025-06-09,53.76912608938586,78.31261258067745,79.72479479442605,57.61813419553404,141.2989404068652,0.0007251815543300048,0.02347674399905917,0.0004907836290317251,0.02008665252357971,-0.005611483959496385,0.023622003945703064,-0.004693122523930219,0.020328668596619765,0.00438714049434202,0.017759861948757574,53.5915704727471
2025-06-10,54.310884353027056,75.52509015465398,79.86352506093058,58.5606544092859,143.10722722001566,0.0004080327551007734,0.023276520701225177,-0.0011171930392365858,0.02099065828807386,-0.004190411430752187,0.022690356816025808,-0.004263668861597432,0.020640851746959277,0.004867131677627508,0.01778697775259698,55.644959116956436
2025-06-11,53.96996536239701,74.38371495255083,78.15714193811156,58.46572289011864,146.49337284288728,0.00010282472886320448,0.02330301706450649,-0.0022829747691445077,0.02075525780938304,-0.0031095012688402385,0.020951671661427022,-0.00397149683364492,0.020613215139952245,0.005442582027373477,0.018114458485908997,54.0250168836856
2025-06-12,51.91715933273648,73.47639470102848,76.4536250342457,59.44205079135599,145.01581247981596,-0.0008871476414226957,0.02428411800917781,-0.0017782985135466759,0.02030419029373253,-0.004448678563722619,0.02081430354746034,-0.003632773090048665,0.02087370102902683,0.005720445323288937,0.01779691811913426,45.445779887633
2025-06-13,51.480393086341046,73.23105765111184,77.21111723121383,59.03500470698775,136.32605009186457,-0.0014107842165364426,0.02427093662904827,-0.0024706553682043034,0.019978069521926916,-0.004155278160658993,0.02095684954479658,-0.004428075624435753,0.020511404682102056,0.003637509836647875,0.02145894882946642,43.85022617555607
2025-06-16,52.09127167416965,73.94732031165488,76.94930818693419,57.81411757161644,137.4215120017578,-0.0007850903005085285,0.02436619005808594,-0.0014050130521563306,0.019741271780567293,-0.004244351668232064,0.020947415661379587,-0.00528029533024756,0.020641793113364282,0.003288141402710561,0.021293029910968916,46.67040514763989
2025-06-17,52.53846016996184,73.3261141892847,76.69271076065863,56.79640814124916,137.06809385252632,-0.0004555282991599907,0.024425744478989316,-0.0020233120447709085,0.019657241751775162,-0.0037457646394599437,0.020778851328441914,-0.005378646894712099,0.020694949701598554,0.0032426748740035927,0.021304414211639092,48.70160582328674
2025-06-18,50.96185522227163,74.01144765396033,75.32087988105394,57.12367262067041,133.35090880717524,-0.0007860622198923028,0.024765371486692618,-0.0022919313889661432,0.01943641706583623,-0.004684097186221881,0.02076003762777141,-0.005405975305752186,0.020679146012520286,0.0020794301796810337,0.021989924652765558,42.54860689837942
2025-06-19,50.41140843106194,73.9219094852272,72.89449333996913,57.3123496814555,132.47306627434114,-0.0025267963581285286,0.02349934501772723,-0.002053014867032236,0.01940305879711665,-0.00432360287046768,0.020156349353492822,-0.005462076854923107,0.020652246408878805,0.0018604008317355202,0.022044132897497577,40.61908022915171
2025-06-20,48.70512724108994,72.06906753657707,73.84958627208927,58.39619038720172,132.2560525010209,-0.0033433544616610707,0.024160923047735237,-0.0022692901302012623,0.01962844065825354,-0.0036273964665448116,0.020392041884618312,-0.004985931817367436,0.021053634018283956,0.002107672872310566,0.02195889630004745,35.278424703149156
2025-06-23,49.14811187948636,72.46378054175416,74.41028627547948,59.95651791583607,128.4021153680583,-0.00468181570666325,0.022177782116118025,-0.0014797248335705615,0.01944061371618797,-0.002878902903321201,0.02037753967076979,-0.0026028624526375555,0.020431822528755215,0.0009353509968200317,0.02266959331443375,37.57329243100249
2025-06-24,49.862195346489614,71.9826080598564,74.15095313180498,59.654037606170185,127.56712381635565,-0.002886570799888995,0.02144421460110183,-0.0013747610483727708,0.01940266650788401,-0.002844628503115258,0.020375560310095332,-0.0023312102957096736,0.02034011486059474,-0.00047399553259050247,0.021723316361422374,41.19307155340231
2025-06-25,48.68924086087997,72.31853534235961,76.70314445514164,59.6467204175204,127.6911572218104,-0.004366964521954675,0.02127869611806967,-0.002131959499735425,0.01867115294646799,-0.0011423872688894035,0.021295001593436537,-0.003121028352351888,0.01975110740303013,-0.000805586191976541,0.021619069942550414,37.36089285438457
2025-06-26,48.06864873446941,72.22094213496266,77.49497621392129,59.26469219099007,126.65991311595494,-0.0053394345125103515,0.020959818557423904,-0.0028965684165360088,0.018128037677813857,-0.00022576748756067966,0.021172558208096468,-0.003084978232169522,0.01974385063586857,-0.0016831862268968378,0.021351497934099087,35.48020186986383
2025-06-27,48.50440501376737,70.9671796898832,77.96381559232357,60.29627925942621,130.23159231169677,-0.0033001787570849004,0.019150165581044782,-0.004517456984797508,0.01711361881109343,-0.00042619111231448163,0.021080481038003807,-0.0025076277268884285,0.020089981159116373,-0.0009235589696152865,0.022007854630227378,37.846071745459554
2025-06-30,48.465230909042766,72.9792372507881,79.65471024064631,59.15521722737396,127.18954246995818,-0.0026738099063968847,0.01890442116038918,-0.0033724299152003,0.01813005972446397,-0.0004701074134737267,0.021031297840479187,-0.004037117468686613,0.01950735615114949,-0.003533000679053111,0.01967501815841942,37.71219050643882
2025-07-01,48.21809347740229,74.55403503663563,79.61920493805984,58.50373187855113,131.2653140098779,-0.002827835887446221,0.01890474195022817,-0.002247437608933722,0.018606124471928887,-0.00017547610788707738,0.020965364594225853,-0.0037588612569335617,0.019340057795831665,-0.002446268721726848,0.020717794008601118,36.827094257221596
2025-07-02,48.54299131931232,71.16839573280987,80.20386568105951,59.17072194404589,131.9888711413377,-0.002891721182118841,0.018867803100642833,-0.003771672272439586,0.020194188404481856,-0.0006949335874691561,0.02056240541214746,-0.0032560236463233102,0.019537163530810284,-0.002064229183747061,0.020756612258363248,38.85868623208318
2025-07-03,49.02814172218665,71.14380618536275,78.16926064187159,58.7911961960279,129.6246447847012,-0.002204400797390634,0.01895174659636001,-0.002728099660898579,0.019500723412307384,-0.0005286856843600012,0.020333215042259205,-0.002717054361378483,0.019205820367511846,-0.003562258428561097,0.020198771095564155,41.865153094740215
2025-07-04,48.16255879261868,69.41776019500014,78.95484465891651,58.9650960220597,128.59240391064,-0.0034230682531801652,0.018721587837582602,-0.00448678793789542,0.018958949246067204,0.0006611148137960932,0.019851512477582038,-0.0013393738045793838,0.018004786181631885,-0.003420997790258851,0.02015103386858005,38.251191046014576
2025-07-07,47.58524582899946,69.4546583654471,80.73795254587229,56.66048567581547,129.69026547042455,-0.003973172840531103,0.01872271458341128,-0.004834863524516272,0.01876012819356284,0.0006819298618923794,0.019874928208138413,-0.002865037395450139,0.01920079774835997,-0.004331525963462006,0.018893092112196253,36.01794223598951
2025-07-08,47.113474306119166,66.90624770334445,77.67684883448119,55.68277103959981,130.38932078717687,-0.004188577035910749,0.018753660792853954,-0.005482534609141373,0.019523797385833864,0.0005056066167793712,0.020201381824392427,-0.002880912152810037,0.01921289158764735,-0.00434659823359006,0.018884874430382764,34.25776549883929
2025-07-09,47.53095898924045,65.71667927723868,79.33450539954569,57.32316709523212,131.55261932367202,-0.0033340549083549368,0.018744454721912565,-0.006733017299950069,0.01904855157747017,0.00024206880702990486,0.019862234841135785,-0.00035253188498156617,0.018256657701738017,-0.004658575377284124,0.018572907956013542,37.18330502409151
2025-07-10,47.0162912292354,67.26025785494876,80.61241878287316,58.374941061942174,129.9569816243287,-0.002235253981119186,0.01719299187719378,-0.006251070547003357,0.019635001275695667,-7.091443865698081e-05,0.019521603219562048,0.0001825023183593307,0.018569503999674553,-0.004243091711795655,0.0182481500215053,35.1090971839929
2025-07-11,44.39790271796191,70.17503631140436,78.09589511231219,58.39155682126932,136.27482820316646,-0.0037346695151171355,0.019731517871170848,-0.004665446235540309,0.02162360270506174,-0.001023336851763638,0.020331708016321944,0.0002939214976302895,0.018559415719894296,-0.002582672958109611,0.020643808484073257,26.89053955449029
2025-07-14,44.73583891399765,71.5774794627242,75.82737090943387,56.37393355815807,134.9592234021624,-0.0036566050435409983,0.019772959398866634,-0.0032268994840126686,0.021784929237707407,-0.001863588011437974,0.020963213747368186,-0.0019033639190959794,0.01865583879796393,-0.0026813778706676413,0.020671199499124,29.19425969186483
2025-07-15,45.7564868412146,71.15338368762782,74.69809461922337,56.65351138871716,138.0145253627074,-0.002633547825147864,0.0203331431518178,-0.004176530651587036,0.021235923618833686,-0.000687222447922912,0.019062188950324167,-0.002558971459991525,0.018026303483928037,-0.0015388185530126812,0.02110186873382734,35.77653170037081
2025-07-16,44.47993558395096,69.50185246869087,73.59455090191032,57.95046705267144,138.8007155170453,-0.0037061270061651682,0.020799293419144424,-0.005047773551616733,0.021469345316186914,-0.0018413140304094208,0.018822542629136157,-0.0016508160460265672,0.01860970728809833,-0.0009302536813372342,0.02103620650891679,31.795301514306928
2025-07-17,46.421176446680406,70.87304857479256,73.61648917720132,59.47465455122867,139.5266349665004,-0.0031499219262189422,0.021844395450570427,-0.002847360522968549,0.02045625898898746,-0.0018782669361260274,0.018817033591802326,9.118612778535873e-05,0.018701603327319606,-0.0002815400806782664,0.02091158593026224,42.3089478072161
2025-07-18,45.81313205341147,71.90775942668377,72.66488319482329,59.188703860720125,143.3713826321422,-0.004960707282199332,0.020231087086131045,-0.002364313675834573,0.020698122130495406,-0.0024725311701343363,0.018876958885653577,0.001085296631053175,0.01754939311698696,0.0010896781558235146,0.02135348453427767,40.217739604845654
2025-07-21,45.76614474341201,70.82462523277896,72.06272719579583,60.457461772142445,141.9303836086093,-0.005159266540163454,0.020159760976892937,-0.003136246396137806,0.020726404055288035,-0.0031933473340201913,0.01866409169071417,0.0017607384221672406,0.01793850026943044,0.00036998156790925366,0.021352968317712297,40.05298788919688
2025-07-22,45.45779914467597,70.17262401714054,72.39987337745158,60.05180458488537,137.5253298940425,-0.005719701713154338,0.01995428268252681,-0.0022566146152238733,0.019842483398468856,-0.0030954008190667405,0.018698552890711692,0.0009918103100950352,0.017784955809154384,-0.0010911623452287836,0.0219642464421794,38.92606387533288
2025-07-23,44.69667108263312,68.93367154721888,74.27259657087473,61.08790724482908,139.27811602164317,-0.006068583134403838,0.020055606273917094,-0.0023413896378685814,0.019904638540022605,-0.0015209799465488838,0.019091466028140526,0.0016209623458620093,0.018021610307193195,-0.001455042678668709,0.02162787849648551,36.21724603286708
2025-07-24,44.28961106400294,67.87789509462986,73.59297616583531,59.86385206932675,146.3735014550398,-0.005104285944925712,0.019140144558277547,-0.002445322846044895,0.019965925266629457,-0.0010994567107026028,0.01876518843383926,0.00039640393000055875,0.018208874362036293,0.0005792973334368309,0.023571019821667264,34.821605732487356
2025-07-25,42.34501222466784,68.7114472332488,71.77588860900248,59.79878785461137,143.62752888115108,-0.006287408605070111,0.020406790755306346,-0.0019246841093712589,0.020144663498647606,-0.002252753743294152,0.019125119555244482,0.0005884342677705212,0.018160155030946968,0.0019513914083076308,0.020983750505020316,29.060371887423315
2025-07-28,41.39002298064351,67.21326792113729,74.36697831123813,59.69953571340976,141.571638128997,-0.007434702507650211,0.020318319029470927,-0.002977510281775934,0.020336249089666275,-0.0009364022885786268,0.02036305781987429,0.0012224664000120788,0.01771864666884072,0.0012064032048680006,0.021156324817773436,26.722122638100103
2025-07-29,41.8914937079388,67.29439341411333,75.51227998883576,57.58108974149146,142.57284380906685,-0.007317001553952018,0.020424268127233317,-0.0026572554835978127,0.020323547048332866,-0.00031189213530049924,0.02057318124416178,0.000626399631069748,0.018650088902814395,0.0015278652025675465,0.021170199972328288,29.911235086863144
2025-07-30,42.58077201977936,65.1253628255578,76.26467722496557,59.5920304984906,142.6730505524809,-0.005768252099161445,0.020405847658719372,-0.0040432002250287424,0.020886641005333318,0.0006164837148645685,0.020380227031887247,0.0015984519144003192,0.019659627079509114,0.0024552686778430105,0.02046979633119303,34.15318407531407
2025-07-31,43.32287477060208,66.06391106591528,75.26178802908117,59.69901813819517,138.34436529106884,-0.004827276377231874,0.020812577771760654,-0.003522493654777514,0.02115273824267498,0.0012519464577703588,0.019603676970999094,0.0015481978220312535,0.019657046494486005,0.001663370579188565,0.02127519561491066,38.47087810313911
2025-08-01,42.97516274617298,66.48102271197024,76.42548653877863,59.788103550565246,140.47482349969093,-0.00396657427009407,0.02009254007736239,-0.002476539835391815,0.02082403260012574,0.001330600064207458,0.019657522377225664,0.0009675685818289667,0.019381828491676363,0.0022312988258039773,0.0214109978909525,37.23875915469744
2025-08-04,42.07018642900872,66.41228495829365,76.531380752149,62.05956271376984,140.01359785860612,-0.004971686286757967,0.02017064914267921,-0.002693567060636996,0.020772147286606136,0.0011237043324643444,0.019621975152143156,0.001343306741561867,0.01999775153603742,0.0030931866538134365,0.020610060613765482,34.1712647551915
2025-08-05,41.69238215560588,66.50705691449409,75.20109171282593,62.36086666817127,139.13135757075085,-0.005755337866995173,0.019840882848133904,-0.0024246602743560755,0.020771511646337906,0.000660467992052142,0.019896652779118628,0.001673309127908725,0.019970363401486523,0.0030999145872234513,0.020606852735493317,32.950952736196456
2025-08-06,40.240380283785534,66.49563558959491,74.79870105795037,60.38724089711389,139.08367960690393,-0.006132092104500612,0.020292102085467868,-0.0025859441079503814,0.02073329981922516,-0.0006651894257605633,0.018868156851731755,0.0006224489401625676,0.020877006818312147,0.003056081845970508,0.02061293208262552,28.707748279543623
2025-08-07,41.47926566990533,67.25541970672113,75.7889269421749,58.82744241940156,140.5493388854755,-0.004680988771679843,0.021332690165625272,-0.0021600919114878416,0.020890180236983014,-0.0005680155812958147,0.018934092528318035,-2.50539164232233e-05,0.021397229014234624,0.0036765501192866554,0.02054633136258699,36.25083530266768
2025-08-08,41.64389652806825,68.03429831738833,76.50532726380432,57.28642141516921,140.57351109048508,-0.0048508654108686215,0.02123953911925581,-0.00119539190605219,0.02083220714416924,-0.0004545942515411812,0.01898522560883664,-0.0014784555982667036,0.02165168702885262,0.00274231721712835,0.020023390955654564,37.20170160709192
2025-08-11,41.05432651073264,68.03418389147512,75.2087135590788,58.8474424475236,138.29910931010758,-0.005295857979634096,0.021291690399666042,-0.0021405127954465474,0.02007488310008729,-0.0017424681271300739,0.01874023532911213,6.0666406741335015e-05,0.022007003867245727,0.002981627965894233,0.019741604685028745,35.17809491870668
2025-08-12,40.35727154112741,68.20370658133838,73.66377756492678,58.40648290498125,136.14174112744922,-0.005691843658708177,0.02139811116277402,-0.0027767455194807463,0.019593928848264032,-0.002412342835026064,0.019048915633180907,0.00017799591022461537,0.021955250594220287,0.001393489447503223,0.019232794470705597,32.89949118646206
2025-08-13,41.53664989614147,69.34380496063343,73.65277290599172,58.00789714648746,138.8398461146915,-0.004942331941450662,0.022226278731819357,-0.0007058134510661322,0.018163331328823914,-0.002662096264864788,0.018965534263766286,-0.0004295092009386307,0.021886042688623986,0.0018703620875725562,0.019513744848052766,39.982899937198525
2025-08-14,41.914802946454806,70.10388574180412,73.6878430607174,56.10729156742241,138.6663907665721,-0.0049720039547233915,0.02220623599983598,-0.0003289281086622335,0.018287942238568757,-0.0018006271766644747,0.01847933015578345,-0.0013078598839726212,0.022649933484938187,0.0024257952962370545,0.019165273719650485,42.093673487304045
2025-08-15,41.51033354870883,71.07840725130151,75.25274063187112,55.42508183687973,140.10404295584976,-0.004705169960333188,0.02209640520994164,0.0009431543063792014,0.017888739015518473,-0.0014277249497614479,0.018836140119842807,-0.0018117580107551527,0.022719806422263004,0.0030368290275422315,0.01911477438334334,40.454821727410675
2025-08-18,42.99298220614018,70.20028652496104,77.85937778187957,54.53541411166864,140.30848209052465,-0.0031150253433891253,0.023241166622989747,0.0005136278960131395,0.01805291015399686,-0.001025906941787676,0.019483477828115586,-0.0010440047652029735,0.02178685790042921,0.002800884517380268,0.01908820226962371,48.38742341185137
2025-08-19,43.02639152651447,70.28663133279801,76.63281533717154,53.94514121818801,138.5750541758124,-0.0027586477686051564,0.023215268486575076,0.001777684392579478,0.01662949156036677,-0.0002872235809503391,0.018428210736380235,-0.0008296045049557277,0.021653058018564403,0.0022093979559452987,0.01927917147835384,48.55374052100953
2025-08-20,43.35077833092894,70.82085909254009,80.12105577100714,55.47825027046535,137.30059813197798,-0.002802714660988907,0.02319369585228834,0.002623695517371542,0.016241291127083137,0.000518725312599666,0.019878360910779005,-0.0008642674984390568,0.021603673885255997,0.0016054447378819373,0.01934532979008429,50.23070213966261
2025-08-21,43.67579612327656,72.30401499195845,80.25021383626856,55.45645666236963,137.57952413992854,-0.002191866471919372,0.02321635152707007,0.0025388280482258013,0.016134807900877665,3.5529398383116194e-05,0.019661353587446573,-0.0014889668249736254,0.021297758414704063,0.0020774704830428944,0.019170619172142668,51.921715060549026
2025-08-22,44.47705186384623,71.14957941097249,79.80776315984957,56.033684225226416,138.57407846205234,0.00027602095080270597,0.021178937283223304,0.0005620870186998602,0.014515690518627302,0.000892335354802957,0.018793346976396914,-0.0011514993471691568,0.02140676035598016,0.0006979382965991543,0.017081526546234283,55.89980521515905
2025-08-25,44.73464761242639,70.69450504141942,81.43988904149673,58.481087900293566,139.83902559069202,0.00021535828652405515,0.021159799395373973,-0.0003172780745414938,0.014091355710903164,0.002542290260485795,0.01823878678977051,0.0014561907874563352,0.021955421150667415,0.0013240171537030017,0.017033158398285488,57.127957028921855
2025-08-26,44.60654842662356,71.83373325972602,80.64319088822197,57.66271484926244,140.07062348222578,-0.0006405926707988452,0.020729067259713543,0.0004173817498197415,0.014360864052955443,0.002712626050031471,0.018093627138731007,0.0008244190310244296,0.022123190583287912,0.0006245995064606287,0.016551742227233913,56.28845216931828
2025-08-27,42.3469621133563,70.2477157406349,80.1626189917333,56.15957604796088,137.317834843375,-0.001399163626729897,0.02213001854848846,0.00045511017013397657,0.01429799731274146,0.0030064309824238246,0.017870078954242308,-0.0008075991242154486,0.02224464677982825,-0.00022037691209993623,0.01692669527430953,44.00448353782175
2025-08-28,42.01940976948154,68.00967227814219,79.59174603698771,55.61452471378311,137.5249244424019,-0.0031117647920821984,0.020448205028243526,-0.001264497176107171,0.014985716825916363,0.002759113236163713,0.01795997039711632,-0.002007831125963185,0.021696140512346647,-0.00034443811499785447,0.016898987246265523,42.55469928737927
2025-08-29,43.03139181378541,68.31232132706458,79.70486504409836,55.78076148566549,138.28789285118992,-0.0018723612034145668,0.020942876961508632,-0.0016028107946086593,0.014727567455594342,0.00323737235296581,0.017717266089788502,-0.001747930087406809,0.021708138482964615,-0.0010780313955557489,0.016105103650337117,48.229676321540786
2025-09-01,42.19938962238829,68.22382227106841,80.27674943039816,54.30730153434456,140.8203671167747,-0.002482665978342813,0.021182754436795324,-0.0011439000862281112,0.014506527020910188,0.0037527649751472195,0.017594939269845,-0.0033429637994946324,0.021703900287573987,-0.00013256899806735428,0.016390223239333913,44.35045935833523
2025-09-02,43.15425718413896,67.43054842889566,79.96954991157722,53.40776588084818,142.93092781295434,-0.0015038347241369246,0.021652616892404514,-0.0012246222521052786,0.014559575763483167,0.003469256117951606,0.017647951491157506,-0.0036714308544509413,0.021830805316554628,0.0014015753569728766,0.015529158717223391,49.38239068595914
2025-09-03,42.28148625088348,67.19794404105453,78.67577069273933,53.51560072867397,137.94484165110353,-0.001619862287870836,0.02174622053239179,-0.0007510808979296087,0.014234121451302519,0.0020677632564430485,0.017476613843714125,-0.004179244031182779,0.021501989950381058,-0.00018608374362015788,0.016718641698540537,45.34633515643856
2025-09-04,43.44546313101455,65.9687506147865,78.84869167052348,53.34165036121125,135.98019117941152,-0.00039864898145076656,0.022332066231455724,-0.0008502908194044682,0.0143490445705203,0.0024460381129588,0.017347768393783786,-0.0036196726593285284,0.021292473251965177,-0.002358960345959826,0.013830906572291052,51.087897875284135
2025-09-05,42.71750821025229,67.27018020531452,78.09861890109389,53.68428531511862,133.93641737647835,0.0005063786930395405,0.02101966624191251,-0.000602030813752034,0.014645423159441236,0.0029519792495525275,0.01673971165947176,-0.0033693302085738694,0.021367297967515554,-0.002234623641226922,0.013694473872209793,47.712043841039595
2025-09-08,42.20730615589296,67.97281340327694,79.62998989119741,53.549734885174864,130.26141672577597,0.0008600103801294611,0.020705238533155496,0.00047293148692984324,0.014212686316755513,0.0024022608111318846,0.01586137197070242,-0.003397548861918816,0.02136552131685261,-0.0026721020926684935,0.014290334353849523,45.44542648007419
2025-09-09,43.93608034092957,66.87634489069403,77.25448810004337,56.38189959715131,129.339081762502,0.0018214564572408775,0.021882142072753755,-0.00010500092827050074,0.0145307571372206,0.0008945133717895958,0.016710294143082473,-0.00045176136611483714,0.022830903828305868,-0.0031438595582104416,0.014190824597668183,53.50539746968522
2025-09-10,42.69556032470217,66.02910216446921,77.8996324440631,56.65288403939725,127.26518339860264,0.00033183810699835006,0.022367393661624737,0.0005471047546134219,0.013437074276699455,0.0008407464461889039,0.016682678449441917,-0.0014556747096043118,0.02186340646615631,-0.0037017738874763674,0.014362356400903189,48.022645660909475
2025-09-11,44.294699993517305,65.40634250973098,76.13179907741775,57.79805795744477,130.77531712026408,0.0009993832157337772,0.023179321431625103,-0.0002476619975894286,0.013293114435374311,0.0005226258509215838,0.017045711886550057,-0.0008417236003548674,0.022213648853081042,-0.0017710688492088493,0.014549856101126227,54.49584981573224
2025-09-12,43.61478246339718,63.63860883176844,77.77691325922652,55.489229438498825,127.69785570750078,0.0007552565087246369,0.02331582159462952,-0.0013590188429264626,0.014095149840064124,0.0007275177000401145,0.017266983824684626,-0.0022230140925587763,0.023324128939643262,-0.003068805775568702,0.014700985162420577,51.55591207226102
2025-09-15,44.50229631345042,63.63179625757144,77.44412552713847,55.93626910048691,127.43537423733432,0.00213549141739503,0.023205331801371156,-0.0013281223585714745,0.014096902734550882,0.0005387065446362694,0.017290493024558193,-0.0032208638526822837,0.022155403551642843,-0.0030278776204655912,0.014702076459238891,54.970771234898976
2025-09-16,43.39090778320296,65.31940738235652,79.57386074540538,56.22191612043893,127.67784301451988,0.0016023780279490955,0.02364898304978668,-0.0004916396104630608,0.014982722520604754,0.0020347915431407756,0.01762491413692509,-0.00321247804287379,0.02215861307416891,-0.002754418132480082,0.014715384278944274,50.19877003491478
2025-09-17,45.46466757509238,65.0235981973898,79.2403237540473,56.687974721004814,131.5626251323376,0.004356346263989926,0.02406735339958561,-0.000636870473051047,0.015000620282283349,0.002073435617871548,0.017609426231860546,-0.0018812083420014613,0.021583554130215832,-0.0017287807253088317,0.015912831906658674,57.59576277030464
2025-09-18,46.95842810012588,64.75235533744734,79.8082094328675,55.18224748083856,130.8732998427494,0.004425289458885262,0.024148503244043353,-0.0011567880596860315,0.014837520991744051,0.0018710383200236768,0.017511293764193105,-0.0019055995029888194,0.0216119461537239,-0.002254697043201126,0.015753360798039965,61.97674622897798
2025-09-19,46.21621220583918,63.51321314498702,82.57209017728628,54.36302655536831,129.61271275464495,0.0037661294743123372,0.02442963886373545,-0.002180706053441639,0.014987331067876876,0.0027103370497293428,0.0184646490184299,-0.0015272701271903796,0.02126869037558413,-0.002581500440836785,0.015802898539581275,58.72994354228924
2025-09-22,46.60059132239731,65.22530741425687,83.44919589950028,57.41752748870861,129.54876708305886,0.004515275906540354,0.024204609464304614,-0.0012820998126026957,0.015902707240523048,0.003629347751923121,0.018135662591195253,-0.0005626802959366572,0.023188357013363872,-0.0020586308340413344,0.015595612609526474,59.901516372360135
2025-09-23,46.88831869571034,65.65005549535486,85.9277194434723,58.05743314457092,129.3771675624701,0.0052870483043372055,0.02386233273609614,-0.001148090300975694,0.015952466567409868,0.005304113389385216,0.018146432661554492,5.8587873091664464e-05,0.02324587430141012,-0.0015828075692741325,0.015384573465260542,60.79861808429629
2025-09-24,46.04668407043516,66.03666007983736,88.42193447305206,57.63897630673467,130.87520927305226,0.0037146078651395446,0.02378476665571282,-0.0015089972148887262,0.01565405888206362,0.0062766562892234475,0.01861974487986502,4.581137876908947e-05,0.02324989276131559,-0.0018574569000464724,0.015059451297737189,56.795875763288194
2025-09-25,46.319416543709735,67.24317582297289,87.08719875709262,60.4017819348972,127.65787493079984,0.003608570337380838,0.023766995135744526,-0.0012653523790897533,0.015909635547893104,0.005757615287027706,0.019000158850073893,0.002735729417634421,0.023979698404865486,-0.0026352536496922893,0.015619137984094778,57.7662112361814
2025-09-26,46.02709369615204,68.57202543212262,87.69111917126608,61.46483657662809,126.51890541164217,0.003719862890196194,0.023710520043841443,-0.0010699942007925715,0.01613665294615452,0.0052808757800276605,0.01877648512272501,0.003727687553529269,0.023957805889041953,-0.0032782453618653653,0.015461643710291167,56.306503680489676
2025-09-29,46.00425967091285,68.65737289541806,90.5310129278158,62.37504355623402,128.66130597949947,0.002512740236618827,0.02293444943191221,-0.000616697731319656,0.01599915315821985,0.005205767696336165,0.01865914204927999,0.004756364134565061,0.023740793865968838,-0.002762437126694221,0.015877654637629097,56.18706836958897
2025-09-30,45.44491587447713,70.05644900046788,91.02998667076014,64.17037859121723,133.97259948254066,0.002081553249488851,0.023089283920434293,2.155809447566733e-05,0.016450915055178664,0.005914607499987338,0.01823455450658687,0.006076583080859965,0.023944894840388628,-0.0009745834991756297,0.01767800245366518,53.2096126379635
2025-10-01,45.21154189265729,69.55722235873326,89.54793657697118,64.05027793731288,133.08295323273583,0.001659067668534538,0.02310193142023101,-0.0004693340688279128,0.016436671971989,0.003854614618093588,0.01705903023363534,0.005066870735521674,0.02360650926658621,-0.0008893716370502366,0.017643129287891475,51.97213379678513
2025-10-02,45.581828398985934,69.4256662564689,88.98987512431394,65.47806769238862,130.71971876716384,0.00168215752438442,0.02310831319477979,-0.0012304572673115762,0.015931906382281636,0.00359314721468017,0.017154434687877442,0.005823021878571533,0.02378820677391925,-0.0015490084196644735,0.01789824928839328,53.80777053864145
2025-10-03,46.02224727536053,68.93143642529813,90.36809425528553,67.35763074663983,130.05802011700274,0.0013927117406130284,0.0229462107255064,-0.0009355380702337361,0.015730334124981593,0.004293172530473592,0.017198442913055695,0.006432907479822029,0.024141746100302345,-0.001958705302983284,0.017830935356403375,55.963616926975874
2025-10-06,46.47421603293781,69.2468568428751,89.01361677450686,67.74936590077849,130.94012694695556,0.0015270118388908682,0.022984603163331098,-0.0005698087155424155,0.0157265477061452,0.0031118670713498275,0.01726732705860797,0.005170853654846967,0.023094514286659675,-0.0020369019619148757,0.017785723804627642,58.12357660934805
2025-10-07,46.90444720303298,69.04133369960034,89.2703183377397,66.26211699040094,130.133237023806,0.0019310435202215426,0.02301128097297116,-0.0012059015060188027,0.01541119299185148,0.00353408369605858,0.01709516192391565,0.004905573254753463,0.02336635272760552,-0.0022975171773106005,0.017787025004668045,60.12839862278632
2025-10-08,47.47289409338211,70.34272678276865,88.60558508030925,66.46715057276825,130.85691660907858,0.004023549728674706,0.02081370950907508,0.00015838132797022138,0.015310954920335131,0.0034845150505889654,0.01712576620204168,0.005877641846474146,0.022628324925090936,-0.0014570528926331336,0.017532558316766426,62.67125776594739
2025-10-09,47.71166371091229,71.17385928079389,85.4723540221584,66.4680491153938,131.61335752619,0.00444903525144967,0.02069517925679726,0.0016142072471908872,0.014197507632080726,0.002543177827839808,0.01845349371239082,0.006201605909397656,0.022466526551099018,-0.0013146339640586313,0.017574777620457137,63.71796239862871
2025-10-10,46.804826870441225,73.62791360305148,85.83400339387939,68.61284643210564,129.66410310161217,0.0030126923318178605,0.020780609591030376,0.002615194774202771,0.01541108815651681,0.0026368426584372144,0.0184547339113609,0.007177572768063142,0.02295284963746866,-0.001993244495361435,0.01769330639725997,57.16218247239566
2025-10-13,46.002311195161205,74.03176597966562,83.03806654462724,68.97644729969406,130.04588409515148,0.003085651349874156,0.0207031418511255,0.002841213138027099,0.015401474885052089,0.0013118829219936937,0.019514155173954984,0.008234723150175916,0.022065492161418124,-0.00250553362257007,0.017303279222966324,52.05764863594761
2025-10-14,46.98277251338879,75.14378431586938,82.42777437195932,67.53139534360675,134.62949490625329,0.003041844181263435,0.020661715007095707,0.0037294913577700837,0.015306393798276637,0.0011944565497057468,0.019556696008145392,0.008088518942202468,0.022249237247697205,-0.001830250464066415,0.018371826797971485,57.098266241446105
2025-10-15,46.285440089589166,73.6476346639178,80.72175673642445,69.10799047861074,133.36693895259015,0.003221249025850607,0.020475253643954246,0.0031807929932190578,0.01585773304629076,0.0010438324486032324,0.019711899845952695,0.008799419634552715,0.02238890022223988,-0.0009800310860231662,0.017351229621507175,52.84282564821937
2025-10-16,45.6340146713856,73.92409289848308,80.46837968149097,68.23986217613724,135.5114565704886,0.001834471620153085,0.020178855821526672,0.0039156571599587965,0.01533038951707921,0.0008659395194875241,0.019725202537107543,0.00848903802387541,0.02262500858358916,3.070623324414878e-05,0.017434996053348018,49.15714433124262
2025-10-17,46.651941141978064,75.45479105268902,81.78310372444248,68.85760425337153,130.8339046354415,0.0031365353726423685,0.02019819438924063,0.003948269803550405,0.015366186163619207,0.0017276463613296155,0.019820597982353805,0.008576674921537235,0.02262182318197647,-0.0006188878431341564,0.018354279669312596,54.49786555363307
2025-10-20,48.256068890526,75.98597649909561,82.85962523214992,70.46193454544355,134.71536063349765,0.0046808235314588515,0.020768474174351115,0.0038347645103968707,0.015329074059751705,0.0015128116489893058,0.019654340170397702,0.00943686073838685,0.02267642190874593,0.001284627073214136,0.01843792825522227,61.38223725021568
2025-10-21,48.70812982456443,76.72387048008494,81.94945487617571,70.57902783756629,132.54870314833576,0.003627784819164977,0.019635597240295757,0.004696161488750113,0.014888172501365537,0.002141053730464015,0.01890480682640928,0.00772930418063393,0.02117034208332823,0.0009845410952385226,0.018650803538009773,63.077609470274474
2025-10-22,48.05549881627833,75.42942461641556,81.77568287475414,72.130486411692,141.08742372979813,0.004122312923244661,0.01898138553645334,0.00455607173173311,0.015075792149633902,0.001792007872450981,0.018882854300180114,0.008301825267517967,0.021320279985034444,0.003666343742267708,0.021660628960141964,59.047343339016116
2025-10-23,48.28568430725199,73.47065357393821,83.9263560701124,71.76870315180348,139.36443986116836,0.003033496948191298,0.017910066780385894,0.004004849458557943,0.01588544175620485,0.0034251211526295216,0.01881064035648642,0.0074608404175601694,0.021331793718696784,0.00233989611525659,0.021362005304165328,60.01767776252932
2025-10-24,48.53662450441993,71.72113422412612,84.38369288048392,71.71361992114798,139.7780119385906,0.003718391998550826,0.017572514440580497,0.004111997920879999,0.015678404073757805,0.002886471083691522,0.01850080468541235,0.008766805810799383,0.01944523997157825,0.003223229159397993,0.02079566521962449,61.09978022607368
2025-10-27,48.95541427913301,71.88966778316338,84.49564993080516,72.19311800813878,141.07906742421412,0.003327705401323448,0.01731847573340949,0.004193894457722125,0.01566201408675923,0.0030733213721619115,0.018454191561016287,0.008721137752468426,0.019448574607353282,0.0036020125258756862,0.0207996903901686,62.90419228262525
2025-10-28,47.99443667008429,69.90552552055205,84.47598263516076,70.1966382801617,141.4671236573963,0.0035058415758886722,0.017042619100700384,0.0023898500545943705,0.01611204616368272,0.0021488866354558932,0.01787386343908729,0.007629092383327052,0.020547275558474572,0.0036302774962021205,0.020797877581895614,56.43521358435316
2025-10-29,48.94352365623786,70.82424025557164,82.78955411608236,69.05908427512051,142.5374675789888,0.0025719229556635044,0.01520014144755651,0.0029788797325489597,0.01617328815963041,0.0016231576854616033,0.018293804943335257,0.0068125965825283664,0.02100177744476574,0.002868263722107726,0.02019221045887841,60.73047153534482
2025-10-30,48.59964860751913,70.44652708192783,83.8606960988288,67.76452106005169,141.5361854574572,0.0012425439159628386,0.014169292475556622,0.0029401579569654094,0.016192377003721923,0.0018155411756540045,0.018384236030792134,0.007073127764932648,0.020618467913548363,0.0028087579874444177,0.020219539653181077,58.480664403304374
2025-10-31,47.87057371223175,69.04727660034365,82.50705332466589,68.75044356995302,141.8244108480399,0.0012693491955593217,0.014136651548685862,0.0029159594598078304,0.016227012466630535,0.00012310457236168007,0.01757845650584338,0.00805296031903436,0.020235824358135684,0.0031977088524403324,0.020083743959983597,53.919839596492224
2025-11-03,47.076725812193146,68.79718514449884,79.88529714043892,67.81088239758488,148.06347809851798,0.0004393429177246907,0.01443640059529429,0.0018966748767634378,0.015613644928293962,-0.0012901770499789986,0.018390842877727583,0.005724515037964191,0.018445958397698956,0.004680537194519292,0.02140084724913246,49.402050938323605
2025-11-04,47.03883483866631,69.87270382295404,79.86055127142612,68.35088654129125,150.17562756931403,0.00020670272446102756,0.014396975949908852,0.0022007137121276515,0.01579437735457571,-0.0022905355579347585,0.017438519931475147,0.005618468560718985,0.018422853082372726,0.005200195721230183,0.021439243508959507,49.190195792505286
2025-11-05,46.04667611968304,69.89934452793912,82.4621927188849,67.331774071028,148.6244939865932,0.00010195072271463508,0.014544315984763353,0.0020171272366372654,0.015782033731291882,-0.0021721886491850658,0.017668910777616807,0.0053617227231220425,0.018659910855168504,0.004469940073130963,0.02158707915509041,43.883487171409854
2025-11-06,45.809359583927325,70.34533600001217,83.41037247227483,69.10584734904377,150.25787192450937,-0.0002672753213199227,0.014532040634077788,0.0016207968465005384,0.01550668703975123,-0.0012857409129958992,0.017665308868627178,0.004642232472650102,0.0173306296114769,0.005655712966795597,0.020902318278005125,42.69696667797681
2025-11-07,45.79831666445121,72.18721203226504,84.66838609712038,67.10774918972184,158.00026410630502,-6.494334519478636e-05,0.01448717817587064,0.001834846572303972,0.015807145090302968,-0.0010141556798975919,0.017857629819354105,0.0030917886890913606,0.018190705621809033,0.007670693349687963,0.022314517742556265,42.63919384208338
2025-11-10,47.46530338527204,72.01654092898272,85.39299525129739,68.95235163555024,157.61410895590288,0.0011648742353899306,0.01594223366420325,0.0017145491013667135,0.015825513505890388,-0.0018083886884292077,0.016820700245159255,0.003514408506166548,0.018614644584740412,0.007024778082313598,0.022317602447426494,52.98171398740622
2025-11-11,48.20609607482175,73.67951588693637,83.74520776814747,68.19066003179503,160.6762623369668,0.0020903928239991393,0.015948035464130848,0.0018050129913723344,0.015943196045135895,-0.002635327069298047,0.017056579156919462,0.0021867570599926906,0.018165230252317317,0.006296343577574999,0.02150269342526922,56.7166346476764
2025-11-12,48.69858351005868,75.11449306966227,83.60691425730388,67.86470157007487,154.41426018538672,0.0026021129927830343,0.01595448140509811,0.002691746118545002,0.01616753651706771,-0.002147675751665612,0.01686100613043865,0.002089806593834076,0.018195373706261987,0.00521860089315301,0.022935964297521615,59.04577900836099
2025-11-13,47.63111014411203,75.26031447955276,85.06929486668814,68.65353149815344,154.1726266546881,0.0015984431087307295,0.01652762286825057,0.0028195013929398233,0.01614519969579418,-0.0013569047514350471,0.017215424529792127,0.0017342020807726362,0.01788860112349187,0.005758359731235511,0.022564133994508247,52.45672407493439
2025-11-14,47.41984562590502,75.66247494305053,85.28743156207882,70.65072522466167,154.77834244602212,0.0011285234289693745,0.016490819392833134,0.0032349156328243312,0.016040659726168693,-0.0017876763006202594,0.016938868931010993,0.0017470580595842944,0.017908779953555318,0.006058052413837056,0.02247499566742699,51.23806783957143
2025-11-17,46.0624563743031,73.81243945788444,87.96334065385189,69.06650923076838,157.29967376016288,-0.00015299581734425546,0.017267581745476636,0.002267348298980672,0.016813803218659676,-0.00024222180961580575,0.017786759278656063,0.0008057594121229453,0.018422319534700766,0.006374970379006865,0.022552460973060795,44.14232624433064
2025-11-18,45.86128068252472,73.6356464215193,87.81532864123558,70.82271165153536,156.85029429957746,-0.000607158187781287,0.01719054461680024,0.0022864420342590397,0.016807977213356712,-0.0003944385316681805,0.01777862220256986,0.0023850900149911722,0.01843493651139725,0.006485151876964135,0.02249710384277724,43.18772680834281
2025-11-19,45.8765806635532,71.45484796643414,88.26615587413008,71.6457317701152,157.75734568799683,-0.0010000128294845904,0.017023536805288106,0.0006709237777716963,0.01747695426771056,2.489835888733009e-05,0.01775490252476595,0.0026693090000210105,0.018511815930282755,0.0064925467139839415,0.022496826078949702,43.2881744297386
2025-11-20,47.20507125583725,71.60514802975905,88.88221384489725,74.07954302471798,153.02458054784736,-0.00020240195322972497,0.0178559945468265,0.0003471889574249265,0.017352909896104624,0.0014362684165557193,0.016482245032779834,0.0038011943869648455,0.019362408176646372,0.005299848186913998,0.0234635831877806,51.334076364727125
2025-11-21,46.82193096663137,73.71915934883432,90.6352006816747,75.158704322126,155.7259257313833,0.0001606013808731747,0.017568919937321348,0.00018197098743063522,0.017037454635493575,0.0019526483372709976,0.016812193779593507,0.003211177956172547,0.018724214625998613,0.0063819640277790225,0.02325176991087965,49.16755133815893
2025-11-24,47.17503032689765,76.19847832325114,91.41060144551408,75.59442504421988,156.3767313907397,0.0009835122679707393,0.017306549038364684,0.001120201125141688,0.018082513071697184,0.00332361335897724,0.015527483613322329,0.0032277789663520016,0.018726350475417198,0.006423123655860852,0.0232465672856016,51.21118035507282
2025-11-25,47.40417261626565,74.51141767773689,92.9109657954865,75.47280913569865,162.23121067962745,0.00043497805064292755,0.016895889549759104,-0.00011850462284562028,0.018368014715112634,0.004115713628542824,0.015570290841733848,0.0038724835803432777,0.018190534886821066,0.006496196906872261,0.023343536874035585,52.54451883047211
2025-11-26,47.3798538295564,75.2131934570228,93.46211770713838,74.60403101054847,165.61255306731513,0.0009126210839607407,0.016649863397657352,0.0008591239379844628,0.018056130308171877,0.005003352459024683,0.01484932362620109,0.0027105753465793358,0.018016184501815982,0.0075035549288345,0.023286884378326527,52.380907093847874
2025-11-27,49.23246641990068,75.26617781285918,92.99391215230786,74.1489035523332,159.51018793079078,0.0026851331551211483,0.017790774676675128,0.0007574792409423455,0.01804785425499672,0.004940996409005927,0.014888569850865698,0.002925953166399923,0.017865300760846792,0.005739319355303947,0.024583534622449804,62.070251425062885
2025-11-28,49.10661529379307,75.71927736727554,95.04862738118346,75.64678220316875,158.34098118047197,0.0018563807312538113,0.01742047446268537,0.00026793297898797995,0.017683591520901234,0.00513288857935198,0.015076444054950868,0.003297567973079855,0.018111387364769204,0.006645578633654033,0.023526720007956737,61.15984187764795
2025-12-01,48.88384510291012,77.49702259605026,94.8139259022253,74.95078711515042,162.9091769135591,0.0005589981971532376,0.016329553525568457,0.0008158770424925744,0.018149208921854093,0.004611808362902966,0.015059466307977528,0.0022142400646111764,0.017843744258432367,0.00661835593135555,0.023499620254870773,59.49632171088572
2025-12-02,49.94715248859509,77.60364577688131,93.78277240940557,72.00989763208814,164.9934486706154,0.0009717899676475294,0.016711958018709318,0.0005380407974783082,0.01807197837458169,0.004615439582690343,0.015055588601850686,0.0008509266843555241,0.019383399174351633,0.00758093250894828,0.023126126056664656,64.46463460075941
2025-12-03,49.10167733671421,74.63494623081208,96.8491324383375,73.01510941571048,161.39986432235693,0.0008541705073740006,0.016828596653622546,-0.00017473094040606856,0.019170590591640294,0.005776002528254539,0.015839946069244628,0.000583509753082112,0.019135576004182607,0.004707610531343513,0.021085610267952547,58.33709695068347
2025-12-04,47.95819611678443,76.0096648926723,95.2453677204188,74.98089501306033,163.5511931750416,-8.176350629744608e-05,0.017374102959548797,0.0013048523062124191,0.018820924827268708,0.004347366563993116,0.015857808694750553,0.0016481322490847217,0.01969364756519891,0.005558989135745614,0.02089364943612505,51.24278818149158
2025-12-05,48.52083833627977,76.70088987686157,95.70530926226546,76.37630626373985,162.22943666648098,0.00013606785546506814,0.01748319268840485,0.002401732342992761,0.018257056430967047,0.004326691702669983,0.015856726832175556,0.0022940567306688918,0.019928071996522845,0.005190683622858224,0.0210377934979824,54.19448028150356
2025-12-08,48.65276841076994,77.93109021503263,96.87863667410296,74.62730900559704,160.76804253456285,-6.09083317181199e-05,0.01741737944161577,0.0028580352299503544,0.018426000484626632,0.004691126125652142,0.01591094608410499,0.001307855847824487,0.020428995002079852,0.004580143427207969,0.021179484895430582,54.88417557396172
2025-12-09,48.94741298723249,77.3730806832627,100.4140453497595,74.11513701557357,160.4072197314994,0.0007952823121048206,0.017049702217084278,0.0035393529297140605,0.017621271600263652,0.005915323867749175,0.016901085006376264,0.0020009107112778073,0.019754087517968526,0.004413643481542399,0.021213969058617544,56.460908498550026
2025-12-10,49.749592734141416,77.96194049616146,100.22270747643084,73.06789972170132,161.53492758437048,0.0006824045137681496,0.016930507191627475,0.003354966977259969,0.01754610420606911,0.006517254500829646,0.016256924560488183,0.002070089993328994,0.019691665938262114,0.004395785323139734,0.02121144918859472,60.5076050138997
2025-12-11,50.83323482128198,78.78692630372045,98.76309699522974,75.67901758933375,157.02300541771285,0.0016426673441094163,0.017291345353751368,0.003885467323360192,0.017514930092626977,0.005600527832360258,0.01665295501767328,0.0038861310936185683,0.02021113606224306,0.0036988898697232577,0.021930848676511787,65.21148295056148
2025-12-12,49.275007438542616,80.37930025510053,99.3079541940987,74.92298640390196,153.73001087703733,0.001120931900297284,0.01803118443596609,0.00522125847168858,0.017165962591142083,0.006322473610542822,0.016139434148044196,0.0030681572831849357,0.020261210107606977,0.0029319624583647565,0.022388510238598263,55.056467949572195
2025-12-15,51.61143103285927,80.64791320275789,100.4682706563885,75.47424740667344,155.22060152934304,0.0032542388790408826,0.019583465134769086,0.005453386791520865,0.01708916765346169,0.007771145929188121,0.014465464876365896,0.003768955886399498,0.02002464727455517,0.0017887847402740038,0.021055575205086524,64.08700456525008
2025-12-16,52.22054342390423,81.90993047528721,99.81478001272562,75.10949246543827,149.9709699790769,0.0036744644191679223,0.019628567598627803,0.005453896846670536,0.017089482189047836,0.007564656578777333,0.014628093935755822,0.003342415072003731,0.020068458695788226,0.0001859308082486244,0.0218869068096233,66.00476744731483
2025-12-17,51.45780556445658,82.43597701192071,102.00077035941749,76.08447305376075,149.0990617235396,0.0038906725465178665,0.019380510414348233,0.005655262882484313,0.01706322060014715,0.007208762032834803,0.014119607246901556,0.0042721084562900545,0.019838455627215815,0.00033642914815148475,0.02182755482413608,61.57091307208954
2025-12-18,50.20926124793371,77.93932669560657,104.452326183312,75.26393398788198,147.9108465524458,0.003253684790039102,0.019992413100898603,0.00362434073674854,0.02029397788592677,0.007626639440258076,0.014432970135108912,0.0030343480287375177,0.01957016763998614,-0.00029554634496367453,0.021782884666434205,55.05176683236363
